step,train_loss,tps,peak_mem_gb,val_ppl
1,10.936048179864883,55648.6236677496,3.4483642578125,
2,10.000926315784454,71161.64660004963,4.060693740844727,
3,9.641921132802963,70810.0824618644,4.060693740844727,
4,9.412281155586243,71411.86471235125,4.060693740844727,
5,9.256322830915451,71134.54799121266,4.060693740844727,
6,9.090127915143967,71476.12318231868,4.060693740844727,
7,8.968858540058136,71478.5673035592,4.060693740844727,
8,8.831382364034653,71366.71809360514,4.060693740844727,
9,8.721556663513184,71099.54281931957,4.060693740844727,
10,8.649949342012405,71546.4747043753,4.060693740844727,
11,8.541541010141373,71679.09772101343,4.060693740844727,
12,8.428649425506592,71563.42514199934,4.060693740844727,
13,8.340490937232971,71573.02153143685,4.060693740844727,
14,8.289534866809845,73085.99007742712,4.060693740844727,
15,8.219499975442886,71587.84042936364,4.060693740844727,
16,8.14923706650734,71505.10095385951,4.060693740844727,
17,8.06491194665432,71615.81733242076,4.060693740844727,
18,7.999050632119179,71587.74720957234,4.060693740844727,
19,7.939344346523285,71107.61717020933,4.060693740844727,
20,7.895224526524544,71528.90874360915,4.060693740844727,
21,7.8166730254888535,71439.96415083698,4.060693740844727,
22,7.746510609984398,71553.17009899157,4.060693740844727,
23,7.6832244992256165,70921.88495127695,4.060693740844727,
24,7.626972556114197,71555.43322084162,4.060693740844727,
25,7.561553120613098,71474.1531378154,4.060693740844727,
26,7.533814415335655,71495.15085128724,4.060693740844727,
27,7.462123885750771,71286.40205520511,4.060693740844727,
28,7.418354868888855,71176.62736895256,4.060693740844727,
29,7.369455069303513,71375.51117996786,4.060693740844727,
30,7.341051489114761,71511.29559380609,4.060693740844727,
31,7.300159454345703,71309.00995059853,4.060693740844727,
32,7.243747428059578,71530.10932157256,4.060693740844727,
33,7.236003875732422,71333.8257840734,4.060693740844727,
34,7.161601677536964,71636.69301261978,4.060693740844727,
35,7.1324064284563065,71594.9911108547,4.060693740844727,
36,7.10470549762249,71622.93627977662,4.060693740844727,
37,7.067487254738808,71402.7751764367,4.060693740844727,
38,6.994057387113571,71449.97318630108,4.060693740844727,
39,6.9753416031599045,71777.57840848825,4.060693740844727,
40,6.950036481022835,71503.86401468067,4.060693740844727,
41,6.93437235057354,71264.67685365923,4.060693740844727,
42,6.922494351863861,71286.12474674081,4.060693740844727,
43,6.874478742480278,71646.82261437827,4.060693740844727,
44,6.8423606008291245,71483.99515149246,4.060693740844727,
45,6.808444306254387,72281.16740023003,4.060693740844727,
46,6.807852178812027,71738.67978058048,4.060693740844727,
47,6.797704413533211,71398.9823707744,4.060693740844727,
48,6.7709875255823135,71705.11644839933,4.060693740844727,
49,6.753900662064552,71380.16340437776,4.060693740844727,
50,6.734693303704262,71702.59134637457,4.060693740844727,
51,6.753281727433205,71430.58902723416,4.060693740844727,
52,6.683662414550781,71595.10299727335,4.060693740844727,
53,6.675717294216156,71510.14215610652,4.060693740844727,
54,6.6403516083955765,71611.11568456376,4.060693740844727,
55,6.661971107125282,71645.60877832203,4.060693740844727,
56,6.64042042195797,71276.53120245445,4.060693740844727,
57,6.63107094168663,71573.64585174732,4.060693740844727,
58,6.631651312112808,71334.14048790868,4.060693740844727,
59,6.651655912399292,71352.87036524367,4.060693740844727,
60,6.579051718115807,71399.53874736337,4.060693740844727,
61,6.620067462325096,71238.56131220107,4.060693740844727,
62,6.560827240347862,71329.29990957915,4.060693740844727,
63,6.551350086927414,70946.80741297574,4.060693740844727,
64,6.517236799001694,70918.06072508387,4.060693740844727,
65,6.541339784860611,70634.075147694,4.060693740844727,
66,6.542091205716133,70930.09287686189,4.060693740844727,
67,6.474529922008514,70973.94639990643,4.060693740844727,
68,6.496066063642502,71060.5395642416,4.060693740844727,
69,6.509589463472366,71161.47158528866,4.060693740844727,
70,6.475621148943901,70580.18207607148,4.060693740844727,
71,6.461000591516495,71062.31234616255,4.060693740844727,
72,6.427939876914024,71027.39656795631,4.060693740844727,
73,6.407683551311493,71030.86549344772,4.060693740844727,
74,6.414198189973831,70528.3798051962,4.060693740844727,
75,6.40934282541275,70856.56384395661,4.060693740844727,
76,6.409356355667114,70948.16249596544,4.060693740844727,
77,6.382521837949753,71040.58579570301,4.060693740844727,
78,6.364595055580139,70820.93756371079,4.060693740844727,
79,6.362262412905693,70428.50360811753,4.060693740844727,
80,6.385849297046661,70922.04049073534,4.060693740844727,
81,6.353109925985336,70892.1345686767,4.060693740844727,
82,6.331787958741188,70970.07074831161,4.060693740844727,
83,6.343946948647499,70413.21378365549,4.060693740844727,
84,6.313740611076355,70384.4562405995,4.060693740844727,
85,6.29066526889801,70285.1127654058,4.060693740844727,
86,6.311500251293182,70570.60546667055,4.060693740844727,
87,6.295747146010399,70596.1065632304,4.060693740844727,
88,6.2290342301130295,70310.67768263572,4.060693740844727,
89,6.279254212975502,70444.48608910701,4.060693740844727,
90,6.231698498129845,71035.5279693538,4.060693740844727,
91,6.2691003531217575,71055.89217248297,4.060693740844727,
92,6.280491337180138,70296.47265531296,4.060693740844727,
93,6.256373330950737,70919.78980976927,4.060693740844727,
94,6.251311853528023,70132.47963602681,4.060693740844727,
95,6.2349487990140915,70551.19747607123,4.060693740844727,
96,6.216697484254837,69977.64861650656,4.060693740844727,
97,6.194772124290466,70405.92751935295,4.060693740844727,
98,6.189320951700211,70846.99426193742,4.060693740844727,
99,6.18108206987381,70696.68631038572,4.060693740844727,
100,6.17510512471199,70701.0595193099,4.060693740844727,
101,6.168252095580101,69890.60743582432,4.060693740844727,
102,6.176391929388046,70560.49712671967,4.060693740844727,
103,6.176211938261986,70567.9331776555,4.060693740844727,
104,6.153630271553993,70760.51970146391,4.060693740844727,
105,6.134268239140511,70520.30981248787,4.060693740844727,
106,6.148215100169182,70043.60735580693,4.060693740844727,
107,6.14116857945919,70411.9331675826,4.060693740844727,
108,6.133409649133682,70584.04244729845,4.060693740844727,
109,6.126175031065941,70685.9237929582,4.060693740844727,
110,6.106733590364456,70121.32472966427,4.060693740844727,
111,6.115042462944984,70365.93404372202,4.060693740844727,
112,6.095083758234978,70547.22300809664,4.060693740844727,
113,6.089820593595505,70721.068620773,4.060693740844727,
114,6.0870775282382965,70487.66871671745,4.060693740844727,
115,6.06454998254776,70926.13050837662,4.060693740844727,
116,6.059767410159111,70937.03952870691,4.060693740844727,
117,6.075850993394852,70782.05703009998,4.060693740844727,
118,6.037422358989716,70353.1381631441,4.060693740844727,
119,6.016597479581833,70940.28908852467,4.060693740844727,
120,6.094764620065689,71012.05660082216,4.060693740844727,
121,6.064434841275215,71093.99851282885,4.060693740844727,
122,6.042941093444824,70762.13181400909,4.060693740844727,
123,6.021549418568611,70471.81117471773,4.060693740844727,
124,5.9951395988464355,71053.64217156763,4.060693740844727,
125,6.0454875230789185,70968.66902111907,4.060693740844727,
126,5.976229146122932,71198.31735296067,4.060693740844727,
127,6.038630872964859,70943.2368340875,4.060693740844727,
128,6.017828822135925,70653.53784939717,4.060693740844727,
129,5.999525755643845,70841.6079435572,4.060693740844727,
130,5.995544001460075,71013.89117622173,4.060693740844727,
131,5.952286213636398,71192.06618467654,4.060693740844727,
132,6.021234154701233,64779.08637273357,4.060693740844727,
133,5.98690202832222,70683.56084109141,4.060693740844727,
134,6.003921270370483,70948.9316201493,4.060693740844727,
135,5.925994470715523,70997.38340932352,4.060693740844727,
136,5.948063477873802,70628.73930260526,4.060693740844727,
137,5.963241398334503,70409.75081653956,4.060693740844727,
138,5.976508632302284,70890.42511471297,4.060693740844727,
139,5.935197129845619,70728.19277490365,4.060693740844727,
140,5.938478887081146,71004.67339332234,4.060693740844727,
141,5.924483820796013,70297.56030571795,4.060693740844727,
142,5.9595969170331955,70805.15771487287,4.060693740844727,
143,5.902948558330536,70717.87550029393,4.060693740844727,
144,5.897232741117477,71145.64091650922,4.060693740844727,
145,5.888342320919037,70938.74207784895,4.060693740844727,
146,5.9030298590660095,70288.03327251357,4.060693740844727,
147,5.904853835701942,70846.05387954558,4.060693740844727,
148,5.923032805323601,70994.85289699199,4.060693740844727,
149,5.890960797667503,71074.66916374539,4.060693740844727,
150,5.904009565711021,70542.22613487736,4.060693740844727,
151,5.881269723176956,70811.30463480366,4.060693740844727,
152,5.898044779896736,70923.22993267945,4.060693740844727,
153,5.890893846750259,70976.00808917823,4.060693740844727,
154,5.8981022387743,70944.78404081214,4.060693740844727,
155,5.920256584882736,70493.73351483488,4.060693740844727,
156,5.895761147141457,70769.00916428058,4.060693740844727,
157,5.8866607546806335,70997.14502003073,4.060693740844727,
158,5.84764538705349,71128.79576153196,4.060693740844727,
159,5.867356032133102,70947.47579203517,4.060693740844727,
160,5.88516403734684,70222.86039855762,4.060693740844727,
161,5.844803303480148,70994.30280948507,4.060693740844727,
162,5.825718268752098,71194.64765503693,4.060693740844727,
163,5.8188204020261765,70868.7395769268,4.060693740844727,
164,5.86345848441124,71054.81766447384,4.060693740844727,
165,5.834721177816391,71011.61631683078,4.060693740844727,
166,5.8227890729904175,71010.35970296735,4.060693740844727,
167,5.82156066596508,70851.84264883981,4.060693740844727,
168,5.803817331790924,70897.95830070578,4.060693740844727,
169,5.819094195961952,70346.56643774257,4.060693740844727,
170,5.792273998260498,70959.4446555099,4.060693740844727,
171,5.791344225406647,70989.71907841276,4.060693740844727,
172,5.80172835290432,70765.80260417974,4.060693740844727,
173,5.7779693603515625,71202.88195237468,4.060693740844727,
174,5.777348443865776,70853.1119218589,4.060693740844727,
175,5.796783596277237,71097.2073012277,4.060693740844727,
176,5.770160228013992,71014.85436625322,4.060693740844727,
177,5.796670094132423,70982.63379494261,4.060693740844727,
178,5.78485107421875,70574.98121075732,4.060693740844727,
179,5.782601282000542,71063.65347311774,4.060693740844727,
180,5.740786612033844,70897.70229237994,4.060693740844727,
181,5.789180770516396,71051.94328570437,4.060693740844727,
182,5.766925781965256,71242.64175781568,4.060693740844727,
183,5.785009056329727,70756.28484048955,4.060693740844727,
184,5.74966536462307,71144.67417546168,4.060693740844727,
185,5.769164890050888,71166.95271936439,4.060693740844727,
186,5.77545827627182,71207.86218293084,4.060693740844727,
187,5.784291177988052,70816.4491684968,4.060693740844727,
188,5.760562360286713,71070.30474107283,4.060693740844727,
189,5.734997376799583,71138.7269942572,4.060693740844727,
190,5.7095096707344055,71202.20875243652,4.060693740844727,
191,5.757628947496414,71171.23688255802,4.060693740844727,
192,5.730804771184921,70641.66287340903,4.060693740844727,
193,5.695218667387962,71156.4057416367,4.060693740844727,
194,5.723000764846802,71270.98697871124,4.060693740844727,
195,5.7072610557079315,71268.22442920557,4.060693740844727,
196,5.692268416285515,71104.88566403565,4.060693740844727,
197,5.734305307269096,70744.95794055659,4.060693740844727,
198,5.7360585778951645,71202.50385221223,4.060693740844727,
199,5.729744017124176,71270.17389842238,4.060693740844727,
200,5.736808612942696,70673.80170612916,4.060693740844727,265.08180613897594
201,5.6807841360569,52237.36654318286,4.060693740844727,
202,5.6861714124679565,70231.18544490522,4.060693740844727,
203,5.721091374754906,70664.90815690001,4.060693740844727,
204,5.709070295095444,70743.50136775758,4.060693740844727,
205,5.685185179114342,70181.28267279158,4.060693740844727,
206,5.706775277853012,70460.85511696762,4.060693740844727,
207,5.659338504076004,70566.17591823626,4.060693740844727,
208,5.70701165497303,70712.85442399893,4.060693740844727,
209,5.629906103014946,70689.63212822983,4.060693740844727,
210,5.682556182146072,70041.3228462505,4.060693740844727,
211,5.6972818076610565,70551.66828554137,4.060693740844727,
212,5.673957258462906,70506.44495681935,4.060693740844727,
213,5.6822913736104965,70565.12522760943,4.060693740844727,
214,5.648445576429367,70241.20861999685,4.060693740844727,
215,5.626283273100853,70600.74840342543,4.060693740844727,
216,5.65567883849144,71108.2701876152,4.060693740844727,
217,5.673002943396568,71173.55883812837,4.060693740844727,
218,5.649566680192947,71016.63404323811,4.060693740844727,
219,5.6431306302547455,70623.83067417136,4.060693740844727,
220,5.653190687298775,71021.93690864123,4.060693740844727,
221,5.644649714231491,71035.19753752422,4.060693740844727,
222,5.6243931502103806,71127.06567284328,4.060693740844727,
223,5.632552430033684,71084.29116334952,4.060693740844727,
224,5.642456069588661,70446.95946424229,4.060693740844727,
225,5.619740441441536,70815.56432844883,4.060693740844727,
226,5.641792461276054,71012.95553092392,4.060693740844727,
227,5.58870205283165,70991.64417336835,4.060693740844727,
228,5.561439633369446,70568.24115996915,4.060693740844727,
229,5.619739860296249,70899.20179601674,4.060693740844727,
230,5.5686527490615845,71019.78080381786,4.060693740844727,
231,5.600027546286583,70968.7606355842,4.060693740844727,
232,5.569454863667488,70938.9343062736,4.060693740844727,
233,5.621894180774689,70597.57520446755,4.060693740844727,
234,5.615035727620125,71053.44013764124,4.060693740844727,
235,5.616633340716362,70945.35167203424,4.060693740844727,
236,5.5679080337285995,70951.8983982141,4.060693740844727,
237,5.576663374900818,70576.46709406219,4.060693740844727,
238,5.601866066455841,70933.93670579186,4.060693740844727,
239,5.591450363397598,71038.49281468912,4.060693740844727,
240,5.597898840904236,71015.9001450143,4.060693740844727,
241,5.561264082789421,71079.56714365432,4.060693740844727,
242,5.565462023019791,71102.15436770838,4.060693740844727,
243,5.593911200761795,71358.22356544879,4.060693740844727,
244,5.608928248286247,71201.98742920998,4.060693740844727,
245,5.570916905999184,71343.42550040768,4.060693740844727,
246,5.550111934542656,71158.73594013385,4.060693740844727,
247,5.572657018899918,70479.96042753929,4.060693740844727,
248,5.579613134264946,71128.97981847326,4.060693740844727,
249,5.57505838572979,71148.02565676149,4.060693740844727,
250,5.606384336948395,71419.33284824563,4.060693740844727,
251,5.534773275256157,70646.40149065865,4.060693740844727,
252,5.5692092925310135,70570.82288213713,4.060693740844727,
253,5.566795617341995,70677.2452644818,4.060693740844727,
254,5.576066806912422,70623.19559649924,4.060693740844727,
255,5.522741824388504,70675.80056457766,4.060693740844727,
256,5.54257407784462,70536.54214704677,4.060693740844727,
257,5.550778150558472,70711.36279233807,4.060693740844727,
258,5.526227742433548,70709.90760258198,4.060693740844727,
259,5.52043117582798,70677.32704171429,4.060693740844727,
260,5.540651455521584,70437.85216317834,4.060693740844727,
261,5.536371424794197,70031.16036972495,4.060693740844727,
262,5.5750951915979385,70634.58336546493,4.060693740844727,
263,5.544618204236031,70697.4136257134,4.060693740844727,
264,5.524080395698547,70547.69376452244,4.060693740844727,
265,5.543541356921196,70005.65564432536,4.060693740844727,
266,5.501217558979988,70601.5190805089,4.060693740844727,
267,5.510270610451698,70527.09499665104,4.060693740844727,
268,5.54407274723053,70536.79555374615,4.060693740844727,
269,5.536847248673439,70557.62637901962,4.060693740844727,
270,5.49171581864357,70568.43138568234,4.060693740844727,
271,5.4958197474479675,70579.11284604583,4.060693740844727,
272,5.500593796372414,70649.64263520445,4.060693740844727,
273,5.528119772672653,70774.80357229066,4.060693740844727,
274,5.514899268746376,70666.71575531669,4.060693740844727,
275,5.459467872977257,71001.96813023671,4.060693740844727,
276,5.501960963010788,70927.61291311431,4.060693740844727,
277,5.480994716286659,71011.41452182601,4.060693740844727,
278,5.529507577419281,71159.05831162665,4.060693740844727,
279,5.480391427874565,70699.8229646286,4.060693740844727,
280,5.496987298130989,71049.59252898334,4.060693740844727,
281,5.478844031691551,71134.3086799113,4.060693740844727,
282,5.491778656840324,71311.19290307099,4.060693740844727,
283,5.495418027043343,70410.54438308463,4.060693740844727,
284,5.491633057594299,70960.06747659891,4.060693740844727,
285,5.484377712011337,71004.77427152585,4.060693740844727,
286,5.515902757644653,71034.36229299469,4.060693740844727,
287,5.4452716410160065,70942.28474041463,4.060693740844727,
288,5.498759523034096,70316.72105475885,4.060693740844727,
289,5.443210676312447,70909.45315079066,4.060693740844727,
290,5.459560453891754,70961.49634276253,4.060693740844727,
291,5.470008462667465,70986.19000881395,4.060693740844727,
292,5.443261072039604,70754.8551201713,4.060693740844727,
293,5.444238364696503,70717.81182276111,4.060693740844727,
294,5.434239059686661,71138.69937808806,4.060693740844727,
295,5.449711978435516,71031.14081950787,4.060693740844727,
296,5.433305487036705,70981.85477504962,4.060693740844727,
297,5.423270344734192,70423.7129842916,4.060693740844727,
298,5.432856917381287,71149.1950665754,4.060693740844727,
299,5.455423414707184,71001.40876257251,4.060693740844727,
300,5.437923714518547,71266.09029846403,4.060693740844727,
301,5.446781173348427,71448.4410092949,4.060693740844727,
302,5.455776333808899,70828.1183545633,4.060693740844727,
303,5.409690856933594,71005.02188287699,4.060693740844727,
304,5.396921679377556,71115.41737329656,4.060693740844727,
305,5.449407279491425,71122.78682562469,4.060693740844727,
306,5.408588126301765,70031.17821169969,4.060693740844727,
307,5.440268188714981,70471.95571267385,4.060693740844727,
308,5.4387795478105545,70565.58716532402,4.060693740844727,
309,5.40717476606369,70597.11284785805,4.060693740844727,
310,5.429133400321007,70137.83024081613,4.060693740844727,
311,5.444406867027283,70680.52558858674,4.060693740844727,
312,5.449009478092194,70587.71291012825,4.060693740844727,
313,5.427421554923058,70739.61443271032,4.060693740844727,
314,5.407986089587212,70501.25495241232,4.060693740844727,
315,5.382324710488319,70030.81245303462,4.060693740844727,
316,5.413914859294891,70607.16820382529,4.060693740844727,
317,5.359149247407913,70477.18657892676,4.060693740844727,
318,5.410461142659187,70584.61338311202,4.060693740844727,
319,5.43556235730648,70400.73427131689,4.060693740844727,
320,5.417459547519684,70561.19447293816,4.060693740844727,
321,5.419580236077309,70643.01540239173,4.060693740844727,
322,5.412512093782425,70571.98245391753,4.060693740844727,
323,5.39231938123703,70492.60362982741,4.060693740844727,
324,5.375945463776588,70232.36079901672,4.060693740844727,
325,5.3834934532642365,70997.15418882009,4.060693740844727,
326,5.373593702912331,71059.61187424256,4.060693740844727,
327,5.41210101544857,70878.79935845535,4.060693740844727,
328,5.378518849611282,71027.14880052919,4.060693740844727,
329,5.395603507757187,70302.3427712884,4.060693740844727,
330,5.38994288444519,70979.34369790788,4.060693740844727,
331,5.39130012691021,71002.76593215475,4.060693740844727,
332,5.413536295294762,71226.09207820057,4.060693740844727,
333,5.371567651629448,70969.72260174897,4.060693740844727,
334,5.350036174058914,70927.65866733274,4.060693740844727,
335,5.38886596262455,71219.817579184,4.060693740844727,
336,5.420162737369537,70964.78478541432,4.060693740844727,
337,5.396117091178894,70971.35342301642,4.060693740844727,
338,5.399312004446983,70707.19747131357,4.060693740844727,
339,5.421117261052132,71069.07361139802,4.060693740844727,
340,5.398397698998451,71014.12967798613,4.060693740844727,
341,5.372871235013008,71041.44872728927,4.060693740844727,
342,5.396158143877983,70768.2530458025,4.060693740844727,
343,5.3758915811777115,65042.10967847118,4.060693740844727,
344,5.351892486214638,71205.75933394338,4.060693740844727,
345,5.377588912844658,70916.47809184513,4.060693740844727,
346,5.403488576412201,71179.39203770299,4.060693740844727,
347,5.348320305347443,70661.53845900735,4.060693740844727,
348,5.313161179423332,71205.14141508863,4.060693740844727,
349,5.3729705065488815,71188.63680647333,4.060693740844727,
350,5.361652225255966,71225.8429226035,4.060693740844727,
351,5.374513864517212,71053.04525646615,4.060693740844727,
352,5.344895511865616,70664.53574861455,4.060693740844727,
353,5.361914962530136,71232.635343556,4.060693740844727,
354,5.34832538664341,71226.78418622754,4.060693740844727,
355,5.387642741203308,71147.9151633337,4.060693740844727,
356,5.433372929692268,70663.06432012504,4.060693740844727,
357,5.3426022827625275,71116.27292422882,4.060693740844727,
358,5.340303763747215,71233.35526843969,4.060693740844727,
359,5.315493792295456,71312.01616985298,4.060693740844727,
360,5.363191455602646,70776.48011887491,4.060693740844727,
361,5.3257502019405365,71228.73138896177,4.060693740844727,
362,5.345505192875862,71208.8306419983,4.060693740844727,
363,5.349296599626541,71255.56009621959,4.060693740844727,
364,5.3442235589027405,71045.40562885601,4.060693740844727,
365,5.307509884238243,70134.37641254372,4.060693740844727,
366,5.357425644993782,71310.07366074352,4.060693740844727,
367,5.359265625476837,71124.7743551422,4.060693740844727,
368,5.3403346091508865,71202.17186513655,4.060693740844727,
369,5.361801728606224,70762.12270582229,4.060693740844727,
370,5.316533297300339,71007.59897760472,4.060693740844727,
371,5.381767958402634,70941.62561361115,4.060693740844727,
372,5.382784336805344,70902.08211812297,4.060693740844727,
373,5.354683592915535,71294.30625349822,4.060693740844727,
374,5.3379741460084915,70877.46519956485,4.060693740844727,
375,5.3336180448532104,71367.82058520864,4.060693740844727,
376,5.31749427318573,71218.03693012895,4.060693740844727,
377,5.368431001901627,71216.3117229683,4.060693740844727,
378,5.333788260817528,71072.99683739821,4.060693740844727,
379,5.326866179704666,70618.51451919288,4.060693740844727,
380,5.34726157784462,71046.25031458391,4.060693740844727,
381,5.342496275901794,71376.63247739407,4.060693740844727,
382,5.306952625513077,71307.77978626441,4.060693740844727,
383,5.321252822875977,70742.04485493626,4.060693740844727,
384,5.28225465118885,71219.78067363678,4.060693740844727,
385,5.333053395152092,71214.042326407,4.060693740844727,
386,5.301029250025749,71385.24262064887,4.060693740844727,
387,5.306383207440376,71101.7681407178,4.060693740844727,
388,5.324481517076492,70756.1573471593,4.060693740844727,
389,5.306578636169434,71404.32394399674,4.060693740844727,
390,5.321220934391022,71213.747130981,4.060693740844727,
391,5.269882783293724,71185.46584752345,4.060693740844727,
392,5.2603974640369415,70946.77994561256,4.060693740844727,
393,5.2953717559576035,70856.81042269137,4.060693740844727,
394,5.314784750342369,71179.8989169376,4.060693740844727,
395,5.270838961005211,71142.05950273164,4.060693740844727,
396,5.309096306562424,71004.92100396991,4.060693740844727,
397,5.304326057434082,70550.24682225671,4.060693740844727,
398,5.231326758861542,71249.02185270899,4.060693740844727,
399,5.300757467746735,71073.88812241516,4.060693740844727,
400,5.301068663597107,71153.4494643713,4.060693740844727,172.21259887127945
401,5.261711269617081,53516.34583527497,4.060693740844727,
402,5.255746766924858,71308.17750392499,4.060693740844727,
403,5.2784270495176315,71335.13089751037,4.060693740844727,
404,5.238472610712051,70992.12087967573,4.060693740844727,
405,5.29319554567337,71149.32398024587,4.060693740844727,
406,5.277845278382301,71316.8821572172,4.060693740844727,
407,5.244971603155136,71333.62215365963,4.060693740844727,
408,5.232892856001854,71235.2843696732,4.060693740844727,
409,5.301607593894005,70723.79801213877,4.060693740844727,
410,5.2313501089811325,70586.88815560049,4.060693740844727,
411,5.310651287436485,71050.77707054444,4.060693740844727,
412,5.190031930804253,71250.01913433212,4.060693740844727,
413,5.280567243695259,71069.6340457372,4.060693740844727,
414,5.228501096367836,70990.70911420674,4.060693740844727,
415,5.2726364731788635,70798.26421980494,4.060693740844727,
416,5.2742127776145935,71180.72837125714,4.060693740844727,
417,5.2662729769945145,71152.32595923905,4.060693740844727,
418,5.237933859229088,71213.06450093156,4.060693740844727,
419,5.282217711210251,70532.162118978,4.060693740844727,
420,5.259310528635979,70996.8699574514,4.060693740844727,
421,5.227290540933609,71155.64132241053,4.060693740844727,
422,5.271020978689194,71134.28106717243,4.060693740844727,
423,5.274280518293381,71044.51505804718,4.060693740844727,
424,5.233258605003357,70666.09807309503,4.060693740844727,
425,5.225651487708092,71162.89936242082,4.060693740844727,
426,5.206016585230827,71058.92301120167,4.060693740844727,
427,5.221040681004524,71176.15739662315,4.060693740844727,
428,5.262262269854546,70696.30447582925,4.060693740844727,
429,5.230085775256157,70804.44641914888,4.060693740844727,
430,5.241332620382309,71198.66774591352,4.060693740844727,
431,5.252664297819138,71194.02070930898,4.060693740844727,
432,5.210393905639648,71019.84502632519,4.060693740844727,
433,5.226619467139244,70451.59976789342,4.060693740844727,
434,5.206458851695061,71151.23011546374,4.060693740844727,
435,5.233248189091682,71086.37765210158,4.060693740844727,
436,5.255557715892792,70657.90572156543,4.060693740844727,
437,5.21813240647316,70669.1411708342,4.060693740844727,
438,5.207612365484238,70237.14337066755,4.060693740844727,
439,5.19942906498909,70610.50551038687,4.060693740844727,
440,5.217230975627899,70614.75921976879,4.060693740844727,
441,5.200740188360214,70713.04543015908,4.060693740844727,
442,5.2158926874399185,70101.54624561894,4.060693740844727,
443,5.247771009802818,70712.9635702498,4.060693740844727,
444,5.185041859745979,70361.02585457185,4.060693740844727,
445,5.234132766723633,70722.38780029521,4.060693740844727,
446,5.170668333768845,70137.06965357055,4.060693740844727,
447,5.237748935818672,70624.28430807304,4.060693740844727,
448,5.229458883404732,70688.44141934975,4.060693740844727,
449,5.233693212270737,70849.61468243663,4.060693740844727,
450,5.1613287925720215,70967.00167917962,4.060693740844727,
451,5.194782808423042,70039.69879336793,4.060693740844727,
452,5.166465193033218,70495.44196975326,4.060693740844727,
453,5.175302892923355,70581.84035281945,4.060693740844727,
454,5.202446922659874,70642.30736062571,4.060693740844727,
455,5.229549169540405,70090.08841495443,4.060693740844727,
456,5.210264906287193,70688.61411509721,4.060693740844727,
457,5.213264301419258,70749.44638265349,4.060693740844727,
458,5.160022720694542,70714.00047643817,4.060693740844727,
459,5.209502145648003,70659.17713718134,4.060693740844727,
460,5.216148763895035,70592.1451628809,4.060693740844727,
461,5.207439303398132,70964.06111867608,4.060693740844727,
462,5.196175709366798,70887.57316113326,4.060693740844727,
463,5.185055121779442,70907.83431874511,4.060693740844727,
464,5.150974527001381,70548.47233701422,4.060693740844727,
465,5.148602530360222,71157.67674007964,4.060693740844727,
466,5.180137559771538,71102.71532390549,4.060693740844727,
467,5.193404048681259,70914.30094305026,4.060693740844727,
468,5.145287945866585,70634.78302444727,4.060693740844727,
469,5.18205226957798,70003.64102792654,4.060693740844727,
470,5.1853336840868,70645.50273853641,4.060693740844727,
471,5.158162787556648,70669.69531534612,4.060693740844727,
472,5.168894276022911,70620.49210793035,4.060693740844727,
473,5.21090130507946,70066.69283073964,4.060693740844727,
474,5.214072421193123,70405.48570281093,4.060693740844727,
475,5.178651720285416,70684.8695333755,4.060693740844727,
476,5.183934763073921,70567.45309293972,4.060693740844727,
477,5.161962062120438,70623.19559649924,4.060693740844727,
478,5.182954132556915,70184.56191993823,4.060693740844727,
479,5.181988045573235,70712.84532849323,4.060693740844727,
480,5.1545431315898895,70624.73794780235,4.060693740844727,
481,5.16605181992054,70583.33558718294,4.060693740844727,
482,5.190163835883141,70664.41766875828,4.060693740844727,
483,5.169102594256401,70077.43731631557,4.060693740844727,
484,5.137857973575592,70667.5605440734,4.060693740844727,
485,5.18971674144268,70713.18186376238,4.060693740844727,
486,5.115963116288185,70687.04170600648,4.060693740844727,
487,5.177521884441376,70268.38518350368,4.060693740844727,
488,5.136271223425865,70441.28179200213,4.060693740844727,
489,5.159260839223862,70712.17226756457,4.060693740844727,
490,5.188566163182259,70424.55197302593,4.060693740844727,
491,5.174108013510704,70703.13266391025,4.060693740844727,
492,5.129912659525871,70144.79261769431,4.060693740844727,
493,5.1686660051345825,70526.75118258545,4.060693740844727,
494,5.212340459227562,70919.80810741254,4.060693740844727,
495,5.1400173753499985,70907.55080209489,4.060693740844727,
496,5.145419955253601,70940.2799344169,4.060693740844727,
497,5.116359725594521,69979.32323969972,4.060693740844727,
498,5.130055546760559,70719.80407418947,4.060693740844727,
499,5.160774722695351,70702.31430283368,4.060693740844727,
500,5.171938478946686,70658.35979331861,4.060693740844727,
501,5.158842161297798,70157.56653483097,4.060693740844727,
502,5.166215434670448,70576.34024792285,4.060693740844727,
503,5.120786651968956,70554.62004194602,4.060693740844727,
504,5.1521802842617035,70654.30059896478,4.060693740844727,
505,5.147709682583809,70606.01654353073,4.060693740844727,
506,5.154771879315376,70252.68898354922,4.060693740844727,
507,5.169277518987656,70474.8194931738,4.060693740844727,
508,5.199921816587448,70551.57774477064,4.060693740844727,
509,5.12283830344677,70601.23800809398,4.060693740844727,
510,5.109338223934174,70539.73701473088,4.060693740844727,
511,5.106855496764183,70272.84030268068,4.060693740844727,
512,5.163791432976723,71011.8823210894,4.060693740844727,
513,5.073948368430138,70760.2464693295,4.060693740844727,
514,5.130582764744759,70668.83230717319,4.060693740844727,
515,5.116366341710091,70224.79794862728,4.060693740844727,
516,5.122311472892761,70622.67847026023,4.060693740844727,
517,5.093094602227211,70721.71455770034,4.060693740844727,
518,5.12927933037281,70578.72321942901,4.060693740844727,
519,5.103712305426598,70763.74400001236,4.060693740844727,
520,5.0851761400699615,70154.54047736996,4.060693740844727,
521,5.112316876649857,70705.22411717793,4.060693740844727,
522,5.155028969049454,70712.9635702498,4.060693740844727,
523,5.09392674267292,70441.26374044985,4.060693740844727,
524,5.146415561437607,70100.33951132132,4.060693740844727,
525,5.072968691587448,70688.11420866859,4.060693740844727,
526,5.123583033680916,70712.3359839085,4.060693740844727,
527,5.103179633617401,70694.28627597626,4.060693740844727,
528,5.111902952194214,70764.09012862001,4.060693740844727,
529,5.0947500467300415,70148.19376697623,4.060693740844727,
530,5.096020057797432,70730.02181227763,4.060693740844727,
531,5.11291366815567,70656.59802752256,4.060693740844727,
532,5.116654738783836,70684.31515086682,4.060693740844727,
533,5.115577757358551,70319.66217857794,4.060693740844727,
534,5.116602718830109,70554.19446673592,4.060693740844727,
535,5.1334095895290375,70710.26229956474,4.060693740844727,
536,5.116857394576073,70699.83205678458,4.060693740844727,
537,5.093077227473259,70700.55034449676,4.060693740844727,
538,5.112241297960281,70126.96882976899,4.060693740844727,
539,5.076388373970985,70553.4519861084,4.060693740844727,
540,5.119954198598862,70609.1995702485,4.060693740844727,
541,5.0670503079891205,70723.66153756695,4.060693740844727,
542,5.1118964701890945,69952.12944092712,4.060693740844727,
543,5.123920768499374,70652.94763781967,4.060693740844727,
544,5.136905938386917,70610.70503327306,4.060693740844727,
545,5.125283852219582,70591.68287739315,4.060693740844727,
546,5.114143714308739,70191.03171592436,4.060693740844727,
547,5.1277114897966385,70426.87057272998,4.060693740844727,
548,5.076918318867683,70626.10797516094,4.060693740844727,
549,5.099263861775398,70604.95559839683,4.060693740844727,
550,5.0876302272081375,70673.01127966613,4.060693740844727,
551,5.084645077586174,70425.48119893325,4.060693740844727,
552,5.099269330501556,71049.94145960303,4.060693740844727,
553,5.0609180480241776,70991.31414967509,4.060693740844727,
554,5.102259859442711,71155.46633718701,4.060693740844727,
555,5.102874979376793,70992.68926864034,4.060693740844727,
556,5.127442717552185,64894.44407775258,4.060693740844727,
557,5.102871373295784,71121.61828373546,4.060693740844727,
558,5.076088771224022,71162.4479944246,4.060693740844727,
559,5.104069143533707,71191.9924311313,4.060693740844727,
560,5.084639385342598,70746.98813895372,4.060693740844727,
561,5.104339972138405,70779.22290166124,4.060693740844727,
562,5.115073204040527,70661.07526420665,4.060693740844727,
563,5.046424508094788,70409.80492278122,4.060693740844727,
564,5.102100297808647,70677.19074643195,4.060693740844727,
565,5.102174252271652,70236.5959889355,4.060693740844727,
566,5.103236690163612,70448.39482361305,4.060693740844727,
567,5.14167033135891,70721.02313270172,4.060693740844727,
568,5.105384841561317,70656.8522975733,4.060693740844727,
569,5.084290415048599,70631.19840996368,4.060693740844727,
570,5.124172106385231,70065.60338279147,4.060693740844727,
571,5.074800327420235,70820.3354288717,4.060693740844727,
572,5.087337508797646,70756.61268259131,4.060693740844727,
573,5.084083542227745,70781.21861476795,4.060693740844727,
574,5.084505394101143,70142.84158092574,4.060693740844727,
575,5.087381735444069,70753.9991369326,4.060693740844727,
576,5.057751819491386,70820.55438581032,4.060693740844727,
577,5.054199382662773,70702.6871094192,4.060693740844727,
578,5.093204751610756,70664.29050627745,4.060693740844727,
579,5.058902055025101,69952.72580373846,4.060693740844727,
580,5.0741266310215,70812.08903667853,4.060693740844727,
581,5.048587918281555,71097.19810657781,4.060693740844727,
582,5.04270276427269,71116.11653166066,4.060693740844727,
583,5.106334164738655,71137.94454443405,4.060693740844727,
584,5.063405886292458,70688.52322249336,4.060693740844727,
585,5.092768743634224,71194.83205294068,4.060693740844727,
586,5.084247291088104,71101.28076502746,4.060693740844727,
587,5.036425411701202,70957.53046501441,4.060693740844727,
588,5.055819943547249,70688.51413324583,4.060693740844727,
589,5.078959748148918,70989.04990319248,4.060693740844727,
590,5.0479396134614944,71176.40620473032,4.060693740844727,
591,5.089440122246742,71136.08514449692,4.060693740844727,
592,5.097259163856506,71197.91163911336,4.060693740844727,
593,4.9925635159015656,70432.71736965825,4.060693740844727,
594,5.021810531616211,71072.436350022,4.060693740844727,
595,5.083311840891838,71074.64159728856,4.060693740844727,
596,5.046178415417671,71155.52159558567,4.060693740844727,
597,5.043433874845505,71176.4154198788,4.060693740844727,
598,4.982132315635681,70489.62090743,4.060693740844727,
599,5.077743545174599,71159.09515426896,4.060693740844727,
600,5.033394634723663,71115.80374858789,4.060693740844727,134.40642278968173
601,5.030522808432579,52606.258627717936,4.060693740844727,
602,5.022749796509743,70541.66493608845,4.060693740844727,
603,5.015597656369209,71170.72091300551,4.060693740844727,
604,5.066423177719116,71198.22514486208,4.060693740844727,
605,5.061804980039597,71193.780997684,4.060693740844727,
606,5.040012151002884,71189.55864986399,4.060693740844727,
607,5.0248943567276,70734.83599959136,4.060693740844727,
608,5.009223103523254,71454.44937673143,4.060693740844727,
609,5.022660464048386,71569.62989200423,4.060693740844727,
610,5.063314810395241,71382.12827093214,4.060693740844727,
611,5.016372323036194,70605.69916343887,4.060693740844727,
612,5.0186910182237625,71318.92681010647,4.060693740844727,
613,5.047932893037796,71584.2702847624,4.060693740844727,
614,5.034871891140938,71382.63804172,4.060693740844727,
615,5.046422958374023,71242.12475242084,4.060693740844727,
616,5.046293720602989,70684.85135676192,4.060693740844727,
617,5.041613653302193,71173.35612168541,4.060693740844727,
618,4.996679201722145,71216.86525626596,4.060693740844727,
619,5.024040967226028,71168.98878422257,4.060693740844727,
620,5.026790454983711,70938.156245266,4.060693740844727,
621,5.031478300690651,70888.3683943474,4.060693740844727,
622,5.041474223136902,71186.48900398886,4.060693740844727,
623,5.031824693083763,71111.01115205475,4.060693740844727,
624,5.0189670622348785,71297.89376615938,4.060693740844727,
625,5.04548092186451,70670.8217998315,4.060693740844727,
626,5.015227347612381,71248.36624759203,4.060693740844727,
627,5.038822293281555,70888.37753506278,4.060693740844727,
628,4.992726564407349,71156.86624307369,4.060693740844727,
629,5.032062858343124,71069.37679609064,4.060693740844727,
630,5.048118457198143,70761.31208658648,4.060693740844727,
631,5.026469111442566,71202.79895443405,4.060693740844727,
632,5.034434676170349,71213.37814013998,4.060693740844727,
633,5.008949562907219,71219.44852543295,4.060693740844727,
634,4.991551697254181,70572.62567032053,4.060693740844727,
635,5.030409082770348,71219.46697802965,4.060693740844727,
636,5.02441218495369,71142.03188397507,4.060693740844727,
637,4.992404252290726,71223.0192809913,4.060693740844727,
638,5.0474623292684555,71172.67426576081,4.060693740844727,
639,5.013445511460304,70583.42620948348,4.060693740844727,
640,5.007496654987335,71224.03428978307,4.060693740844727,
641,5.075782626867294,71127.34174518193,4.060693740844727,
642,5.0034791976213455,71224.11733723729,4.060693740844727,
643,4.964625462889671,70545.24046824862,4.060693740844727,
644,5.016902029514313,71002.62837882081,4.060693740844727,
645,4.982456877827644,71128.76815307293,4.060693740844727,
646,4.990623578429222,71260.99107506844,4.060693740844727,
647,5.001038879156113,71241.24770685952,4.060693740844727,
648,5.028098881244659,70509.05833188939,4.060693740844727,
649,4.985645145177841,71286.06928530685,4.060693740844727,
650,5.024417296051979,70987.69325789972,4.060693740844727,
651,4.997173950076103,71110.32129211293,4.060693740844727,
652,4.975975543260574,71118.83970054207,4.060693740844727,
653,5.046213999390602,70584.05150969954,4.060693740844727,
654,4.995473772287369,71271.74463840554,4.060693740844727,
655,4.976982668042183,71103.78208470075,4.060693740844727,
656,4.982767730951309,71249.89908969577,4.060693740844727,
657,5.025848940014839,70865.64272595556,4.060693740844727,
658,4.922085523605347,70996.5490538026,4.060693740844727,
659,4.996648699045181,71354.91708224491,4.060693740844727,
660,5.011101737618446,71182.88504296048,4.060693740844727,
661,5.027425065636635,71178.55339882252,4.060693740844727,
662,5.0194162130355835,70513.66159854416,4.060693740844727,
663,5.019596427679062,71278.19463778418,4.060693740844727,
664,4.960370376706123,71122.42797796709,4.060693740844727,
665,4.976100593805313,71172.81247874386,4.060693740844727,
666,5.010829910635948,71297.7920533534,4.060693740844727,
667,4.949690461158752,70517.29760922273,4.060693740844727,
668,4.988029465079308,71332.32635099208,4.060693740844727,
669,4.98645393550396,71056.06666830384,4.060693740844727,
670,5.011159688234329,71258.57104686322,4.060693740844727,
671,4.948533460497856,70589.95162671684,4.060693740844727,
672,5.0191696882247925,71195.1363115702,4.060693740844727,
673,5.003962948918343,71135.08184530279,4.060693740844727,
674,5.04115118086338,70998.00689658112,4.060693740844727,
675,5.003220558166504,71129.29271745958,4.060693740844727,
676,4.937776252627373,70639.28472656687,4.060693740844727,
677,4.995209500193596,70977.27265119355,4.060693740844727,
678,4.980142712593079,71188.48931374634,4.060693740844727,
679,4.997848495841026,70929.89154492378,4.060693740844727,
680,4.975463017821312,70676.7455188396,4.060693740844727,
681,5.0118454694747925,71235.95819520377,4.060693740844727,
682,4.967970907688141,71141.28618565356,4.060693740844727,
683,4.988966420292854,71092.86769081558,4.060693740844727,
684,4.992346063256264,71153.17318932782,4.060693740844727,
685,5.022330954670906,70692.74997585735,4.060693740844727,
686,4.940727800130844,71295.81333468553,4.060693740844727,
687,4.956010416150093,71130.5351376599,4.060693740844727,
688,5.012567222118378,71112.94283110212,4.060693740844727,
689,4.963156074285507,71235.70897057682,4.060693740844727,
690,5.014044001698494,70809.59907674791,4.060693740844727,
691,4.96115505695343,71158.23857270315,4.060693740844727,
692,4.970092877745628,71227.43939422011,4.060693740844727,
693,4.987547069787979,71201.81221596476,4.060693740844727,
694,5.016828969120979,70758.85301826595,4.060693740844727,
695,4.951095476746559,71242.43864765852,4.060693740844727,
696,4.983507201075554,71239.93679480822,4.060693740844727,
697,4.980170905590057,71041.47626800425,4.060693740844727,
698,4.991143375635147,71243.27879263909,4.060693740844727,
699,4.989408940076828,70461.36987604825,4.060693740844727,
700,4.9367557764053345,71264.51056972117,4.060693740844727,
701,4.956676155328751,71133.5723475448,4.060693740844727,
702,4.992100790143013,71151.13802928898,4.060693740844727,
703,4.969134494662285,71200.80706190565,4.060693740844727,
704,4.998342946171761,70700.97768714887,4.060693740844727,
705,4.962739884853363,71239.35520843268,4.060693740844727,
706,4.967152297496796,71118.58209455495,4.060693740844727,
707,4.954835653305054,70976.71367257198,4.060693740844727,
708,5.002572923898697,70593.1694640613,4.060693740844727,
709,4.960140660405159,71212.17894631442,4.060693740844727,
710,4.984432131052017,71219.236321258,4.060693740844727,
711,4.953260615468025,71256.16041883014,4.060693740844727,
712,4.96378780901432,71165.23919849953,4.060693740844727,
713,4.984930023550987,70684.11521176789,4.060693740844727,
714,5.015941008925438,71275.11734346737,4.060693740844727,
715,5.044083148241043,71074.3935001393,4.060693740844727,
716,4.957827568054199,71317.96460590739,4.060693740844727,
717,4.952147960662842,70941.92771187572,4.060693740844727,
718,4.948215797543526,70956.1200749423,4.060693740844727,
719,4.987404868006706,71221.39532709675,4.060693740844727,
720,4.923989400267601,71005.75555627885,4.060693740844727,
721,4.929381161928177,70882.81127578557,4.060693740844727,
722,4.919183596968651,70507.96412705586,4.060693740844727,
723,4.903859540820122,70546.89710348219,4.060693740844727,
724,4.921537384390831,70646.88265018296,4.060693740844727,
725,4.955430895090103,70649.92409316207,4.060693740844727,
726,4.896488934755325,70719.03081258941,4.060693740844727,
727,4.977462098002434,69877.70848891737,4.060693740844727,
728,4.956763848662376,70618.1153862754,4.060693740844727,
729,4.878772154450417,70606.73292622673,4.060693740844727,
730,4.964462980628014,70654.6184161452,4.060693740844727,
731,5.011110782623291,69920.10990320284,4.060693740844727,
732,4.953341796994209,70567.22664015241,4.060693740844727,
733,4.9111408442258835,70709.34373265244,4.060693740844727,
734,4.9808423817157745,70466.49078382392,4.060693740844727,
735,4.939767882227898,70693.99537378758,4.060693740844727,
736,4.9041847884655,70051.77391107118,4.060693740844727,
737,4.9546899497509,70574.82718984729,4.060693740844727,
738,4.932471975684166,70679.13527554157,4.060693740844727,
739,4.923789903521538,70375.75247659863,4.060693740844727,
740,4.904027938842773,69913.71662575746,4.060693740844727,
741,4.9469179809093475,70576.24964381676,4.060693740844727,
742,4.940304771065712,70550.88058861977,4.060693740844727,
743,4.913692340254784,70500.83906178386,4.060693740844727,
744,4.969484925270081,69979.67955284762,4.060693740844727,
745,4.9059909880161285,70630.96247341811,4.060693740844727,
746,4.9309509843587875,70565.5690500056,4.060693740844727,
747,4.960999622941017,70604.21204901594,4.060693740844727,
748,4.90914848446846,70546.40825220635,4.060693740844727,
749,4.905205950140953,69962.99017805091,4.060693740844727,
750,4.9437991082668304,70679.45331618446,4.060693740844727,
751,4.90296895802021,70591.12089142513,4.060693740844727,
752,4.921927019953728,70486.1956073493,4.060693740844727,
753,4.9311936646699905,70560.04431188095,4.060693740844727,
754,4.9700621366500854,70128.8653082072,4.060693740844727,
755,4.9079436510801315,70294.7828189732,4.060693740844727,
756,4.949448853731155,70571.43889990078,4.060693740844727,
757,4.921980008482933,70541.13090037118,4.060693740844727,
758,4.9218555092811584,69979.46576452347,4.060693740844727,
759,4.95120170712471,70503.50627163575,4.060693740844727,
760,4.890327721834183,70668.62337152162,4.060693740844727,
761,4.917410612106323,70618.91365662217,4.060693740844727,
762,4.922447130084038,70618.19702673238,4.060693740844727,
763,4.8960739225149155,69998.99715486848,4.060693740844727,
764,4.949121385812759,70602.45298234579,4.060693740844727,
765,4.933230608701706,70708.92538335473,4.060693740844727,
766,4.9175503849983215,70568.60349554462,4.060693740844727,
767,4.939319834113121,70266.5619810986,4.060693740844727,
768,4.896302908658981,70447.94344643713,4.060693740844727,
769,4.902186274528503,70576.65736412612,4.060693740844727,
770,4.920657053589821,65084.822934808486,4.060693740844727,
771,4.954231902956963,70492.13360833202,4.060693740844727,
772,4.9501422345638275,70088.6497477409,4.060693740844727,
773,4.933167412877083,70667.05185164999,4.060693740844727,
774,4.948609679937363,70620.02037945704,4.060693740844727,
775,4.951485261321068,70719.27643502977,4.060693740844727,
776,4.923267811536789,70702.54162345466,4.060693740844727,
777,4.909720376133919,69875.79004412392,4.060693740844727,
778,4.921418651938438,70643.24234185879,4.060693740844727,
779,4.891325205564499,70614.29663805003,4.060693740844727,
780,4.881330877542496,70670.61285241574,4.060693740844727,
781,4.918619349598885,70054.237639301,4.060693740844727,
782,4.8835877776145935,70428.13368738977,4.060693740844727,
783,4.957723692059517,70538.62375602812,4.060693740844727,
784,4.9192433804273605,70562.60732051553,4.060693740844727,
785,4.94773305952549,70585.31120609409,4.060693740844727,
786,4.902469128370285,70221.44318426831,4.060693740844727,
787,4.949194833636284,70730.63151242427,4.060693740844727,
788,4.9311330914497375,70878.3698634676,4.060693740844727,
789,4.921666473150253,70666.9337633848,4.060693740844727,
790,4.906359031796455,70037.80713441702,4.060693740844727,
791,4.92212700843811,70795.52907788559,4.060693740844727,
792,4.902278453111649,70891.58607179143,4.060693740844727,
793,4.871679306030273,70851.96135589952,4.060693740844727,
794,4.904314428567886,70736.90202383246,4.060693740844727,
795,4.911238864064217,70049.72093658577,4.060693740844727,
796,4.869222164154053,70681.61606846459,4.060693740844727,
797,4.909611791372299,70660.16705673408,4.060693740844727,
798,4.8595195561647415,70545.43056997923,4.060693740844727,
799,4.884227901697159,70463.55542818061,4.060693740844727,
800,4.941527813673019,70017.54959227865,4.060693740844727,116.57608493411628
801,4.8906590938568115,52091.795232279575,4.060693740844727,
802,4.909087345004082,70469.40831805818,4.060693740844727,
803,4.855441048741341,70498.28957864846,4.060693740844727,
804,4.911492079496384,69911.36945711073,4.060693740844727,
805,4.915709748864174,70579.9917870023,4.060693740844727,
806,4.90983073413372,70597.35762413222,4.060693740844727,
807,4.913574382662773,70561.63824589024,4.060693740844727,
808,4.92599393427372,70351.63466011467,4.060693740844727,
809,4.8965356051921844,70362.72788297909,4.060693740844727,
810,4.919959157705307,70721.60538443331,4.060693740844727,
811,4.889977380633354,70451.98799221199,4.060693740844727,
812,4.894616588950157,70641.33609565128,4.060693740844727,
813,4.876531973481178,70039.98433567061,4.060693740844727,
814,4.926836580038071,70547.27732582514,4.060693740844727,
815,4.895360350608826,70707.4248233362,4.060693740844727,
816,4.8860668540000916,70555.42593247362,4.060693740844727,
817,4.881998926401138,70635.62704988911,4.060693740844727,
818,4.9003444612026215,69847.07037842165,4.060693740844727,
819,4.888018116354942,70579.66557955659,4.060693740844727,
820,4.86894117295742,70634.11144872083,4.060693740844727,
821,4.876704558730125,70697.98639706681,4.060693740844727,
822,4.8734554052352905,70436.97675879815,4.060693740844727,
823,4.919558048248291,70078.77725879452,4.060693740844727,
824,4.871227592229843,70630.67209214125,4.060693740844727,
825,4.892502337694168,70550.26492970907,4.060693740844727,
826,4.883789360523224,70438.33048610455,4.060693740844727,
827,4.832950443029404,69949.3435821981,4.060693740844727,
828,4.88988883793354,70688.75045444125,4.060693740844727,
829,4.858661338686943,70563.4405648404,4.060693740844727,
830,4.870536118745804,70612.70939391495,4.060693740844727,
831,4.916697934269905,70528.35266086966,4.060693740844727,
832,4.846999287605286,70017.78144850898,4.060693740844727,
833,4.845575511455536,70477.90938489173,4.060693740844727,
834,4.907344773411751,70206.63761306852,4.060693740844727,
835,4.8914433270692825,70467.04175475755,4.060693740844727,
836,4.891247197985649,70346.0803588783,4.060693740844727,
837,4.886650085449219,70130.34141194005,4.060693740844727,
838,4.91357609629631,70589.38060454173,4.060693740844727,
839,4.895626112818718,70618.21516908178,4.060693740844727,
840,4.899940684437752,70464.16054302524,4.060693740844727,
841,4.889342799782753,70042.05458699577,4.060693740844727,
842,4.865126699209213,70480.39414347772,4.060693740844727,
843,4.832453593611717,70531.5558356403,4.060693740844727,
844,4.856424689292908,70596.2516114973,4.060693740844727,
845,4.902663826942444,70517.74083019316,4.060693740844727,
846,4.854606181383133,70121.29789776084,4.060693740844727,
847,4.875748708844185,70386.09632121788,4.060693740844727,
848,4.90824082493782,70470.15806401455,4.060693740844727,
849,4.846289694309235,70413.75490303818,4.060693740844727,
850,4.863253176212311,70344.26212342866,4.060693740844727,
851,4.864699438214302,69880.89724826618,4.060693740844727,
852,4.850819081068039,70539.53789270764,4.060693740844727,
853,4.88098518550396,70540.05380208473,4.060693740844727,
854,4.883289664983749,70486.03293647029,4.060693740844727,
855,4.8620530515909195,70101.57306240856,4.060693740844727,
856,4.866273388266563,70443.24946666791,4.060693740844727,
857,4.852231919765472,70391.46766969126,4.060693740844727,
858,4.895551681518555,70482.16520562753,4.060693740844727,
859,4.85583171248436,70464.90114548634,4.060693740844727,
860,4.835668429732323,70069.43446031238,4.060693740844727,
861,4.922781884670258,70472.57903940129,4.060693740844727,
862,4.844266295433044,70291.92466370833,4.060693740844727,
863,4.845361366868019,70384.92482726269,4.060693740844727,
864,4.900608405470848,70416.3072949242,4.060693740844727,
865,4.854320079088211,69872.85040949697,4.060693740844727,
866,4.842146664857864,70307.63840297521,4.060693740844727,
867,4.854031890630722,70353.91244725752,4.060693740844727,
868,4.895340442657471,70396.03756618086,4.060693740844727,
869,4.816115066409111,70598.68125857593,4.060693740844727,
870,4.839066818356514,69972.01071378206,4.060693740844727,
871,4.861190944910049,70889.30075945848,4.060693740844727,
872,4.855904430150986,70883.66123912226,4.060693740844727,
873,4.805079445242882,70967.63379410063,4.060693740844727,
874,4.854300305247307,70467.72822240162,4.060693740844727,
875,4.831895932555199,70833.58476097413,4.060693740844727,
876,4.888834297657013,70989.79241345052,4.060693740844727,
877,4.845198437571526,70898.46117958573,4.060693740844727,
878,4.872883036732674,70949.07812188452,4.060693740844727,
879,4.848365142941475,70446.3365906384,4.060693740844727,
880,4.886106178164482,70839.2802119731,4.060693740844727,
881,4.876051440834999,70961.6154175403,4.060693740844727,
882,4.770848974585533,71043.47761711518,4.060693740844727,
883,4.853958755731583,71027.00197620288,4.060693740844727,
884,4.862437769770622,70483.9182833671,4.060693740844727,
885,4.843447118997574,71014.92775323158,4.060693740844727,
886,4.876642689108849,71085.0356673072,4.060693740844727,
887,4.842305466532707,70933.23197263393,4.060693740844727,
888,4.876933827996254,70923.69657079974,4.060693740844727,
889,4.842709019780159,70742.50911188625,4.060693740844727,
890,4.864743381738663,71106.14562565698,4.060693740844727,
891,4.872068002820015,71209.90058930994,4.060693740844727,
892,4.856656730175018,71220.33426086123,4.060693740844727,
893,4.86867193877697,70531.79110853377,4.060693740844727,
894,4.867366120219231,70944.69248823989,4.060693740844727,
895,4.834533333778381,70864.79319468,4.060693740844727,
896,4.838679671287537,71182.15692123433,4.060693740844727,
897,4.805657610297203,71161.25972646665,4.060693740844727,
898,4.788841098546982,70377.37413278966,4.060693740844727,
899,4.8517293483018875,71042.44938697379,4.060693740844727,
900,4.816427305340767,71042.16479281882,4.060693740844727,
901,4.798856511712074,71394.61511573273,4.060693740844727,
